track_name,artist_name,album_name,release_date,popularity,track_id,region,features
Die With A Smile,Lady Gaga,Die With A Smile,2024-08-16,100,2plbrEY59IikOBgBGLjaoe,Global,['Bruno Mars']
A Bar Song,Shaboozey,A Bar Song (Tipsy),2024-04-12,85,2FQrifJ1N335Ljm3TjTVVf,Global,[]
BIRDS OF A FEATHER,Billie Eilish,HIT ME HARD AND SOFT,2024-05-17,97,6dOtVTDdiauQNBQEDOtlAB,Global,[]
Smile,Morgan Wallen,Smile,2024-12-31,83,3MJ6lFNV12FSHAOzTzkwxz,Global,[]
APT.,ROSÉ,APT.,2024-10-18,96,5vNRhkKd0yEAg8suGBpjeY,Global,['Bruno Mars']
Lose Control,Teddy Swims,Lose Control,2023-06-23,81,6usohdchdzW9oML7VC4Uhk,Global,[]
luther,Kendrick Lamar,GNX,2024-11-22,90,45J4avUb9Ni0bnETYaYFVJ,Global,['SZA']
That’s So True,Gracie Abrams,The Secret of Us (Deluxe),2024-10-18,96,7ne4VBA60CxGM75vw0EYad,Global,[]
I Had Some Help,Post Malone,I Had Some Help,2024-05-10,82,7221xIgOnuakPdLqT0F3nP,Global,['Morgan Wallen']
Espresso,Sabrina Carpenter,Espresso,2024-04-12,88,2qSkIjg1o9h3YT9RAgYN75,Global,[]
tv off,Kendrick Lamar,GNX,2024-11-22,91,0aB0v4027ukVziUGwVGYpG,Global,['Lefty Gunplay']
Taste,Sabrina Carpenter,Short n' Sweet,2024-08-23,90,5G2f63n7IPVPPjfNIGih7Q,Global,[]
Love Somebody,Morgan Wallen,Love Somebody,2024-10-18,85,7hR22TOX3RorxJPcsz5Wbo,Global,[]
Beautiful Things,Benson Boone,Beautiful Things,2024-01-18,85,6tNQ70jh4OwmPGpYy6R2o9,Global,[]
Timeless,The Weeknd,Timeless,2024-09-27,92,1Es7AUAhQvapIcoh3qMKDL,Global,['Playboi Carti']
"Dum, Dumb, and Dumber",Lil Baby,WHAM (Extended Version),2025-01-10,73,4IKvw1OdeTJIN3g4zWE38f,Global,"['Young Thug', 'Future']"
Too Sweet,Hozier,Unheard,2024-03-22,76,4IadxL6BUymXlh8RCJJu7T,Global,[]
Sticky,Tyler,CHROMAKOPIA,2024-10-28,89,3tFed7YsjGnIfxeLEQwx3R,Global,"['The Creator', 'GloRilla', 'Sexyy Red', 'Lil Wayne']"
squabble up,Kendrick Lamar,GNX,2024-11-22,88,0nj9Bq5sHDiTxSHunhgkFb,Global,[]
Stargazing,Myles Smith,Stargazing,2024-05-10,86,3Vr3zh0r7ALn8VLqCiRR10,Global,[]
"Good Luck, Babe!",Chappell Roan,"Good Luck, Babe!",2024-04-05,92,0WbMK4wrZ1wFSty9F7FCgu,Global,[]
30 For 30,SZA,SOS Deluxe: LANA,2024-12-20,85,3aSWXU6owkZeVhh94XxEWO,Global,['Kendrick Lamar']
Not Like Us,Kendrick Lamar,Not Like Us,2024-05-04,87,6AI3ezQ4o3HUoP6Dhudph3,Global,[]
Messy,Lola Young,Messy,2024-05-30,88,3SKH53SPQbEnZR4cJPVaz2,Global,[]
High Road,Koe Wetzel,High Road (feat. Jessie Murph),2024-06-07,72,73KAidtqbDftZjy8AD0H04,Global,['Jessie Murph']
WHATCHU KNO ABOUT ME,GloRilla,WHATCHU KNO ABOUT ME (with Sexyy Red),2024-10-10,75,4VI2Y5xg4gYynQqNQNQbTN,Global,['Sexyy Red']
NUEVAYoL,Bad Bunny,DeBÍ TiRAR MáS FOToS,2025-01-05,93,5TFD2bmFKGhoCRbX61nXY5,Global,[]
BAILE INoLVIDABLE,Bad Bunny,DeBÍ TiRAR MáS FOToS,2025-01-05,94,2lTm559tuIvatlT1u0JYG2,Global,[]
Tweaker,G3 GELO,Tweaker,2025-01-03,80,5nk6BxN9bM5rLNkA3pMOzn,Global,[]
Sailor Song,Gigi Perez,Sailor Song,2024-07-26,49,0UYnhUfnUj5adChuAXvLUB,Global,[]
Wind Up Missin' You,Tucker Wetmore,Wind Up Missin' You,2024-03-29,20,5JRYVSZ6K2jY0kznYBmoqr,Global,[]
Please Please Please,Sabrina Carpenter,Please Please Please,2024-06-06,84,5N3hjp1WNayUPZrA8kJmJP,Global,[]
I Am Not Okay,Jelly Roll,I Am Not Okay,2024-06-12,44,76ODTQOl0JZQbhfxs6nRV9,Global,[]
BMF,SZA,SOS Deluxe: LANA,2024-12-20,89,3U3hFkMr0Q90pD24EkE3Pr,Global,[]
Bed Chem,Sabrina Carpenter,Short n' Sweet,2024-08-23,87,1UHS8Rf6h5Ar3CDWRd3wjF,Global,[]
VOY A LLeVARTE PA PR,Bad Bunny,DeBÍ TiRAR MáS FOToS,2025-01-05,92,59D4DOkspUbWyMmbAPQkxZ,Global,[]
EL CLúB,Bad Bunny,DeBÍ TiRAR MáS FOToS,2025-01-05,89,0iKo4pNNjHHdKUcFARlfCa,Global,[]
DtMF,Bad Bunny,DeBÍ TiRAR MáS FOToS,2025-01-05,96,3sK8wGT43QFpWrvNQsrQya,Global,[]
Who,Jimin,MUSE,2024-07-19,90,7tI8dRuH2Yc6RuoTjxo4dU,Global,[]
MILLION DOLLAR BABY,Tommy Richman,MILLION DOLLAR BABY,2024-04-26,87,5AJ9hqTS2wcFQCELCFRO7A,Global,[]
WILDFLOWER,Billie Eilish,HIT ME HARD AND SOFT,2024-05-17,92,3QaPy1KgI7nu9FJEQUgn6h,Global,[]
Lies Lies Lies,Morgan Wallen,Lies Lies Lies,2024-07-05,80,7Fzl7QaTu47WyP9R5S5mh5,Global,[]
VeLDÁ,Bad Bunny,DeBÍ TiRAR MáS FOToS,2025-01-05,91,7d6yK8v8J484SWH5prIQiE,Global,"['Omar Courtz', 'Dei V']"
By Myself,Lil Baby,WHAM (Extended Version),2025-01-10,65,4pnwBTwGbXdZYgPhYJPRsr,Global,"['Rylo Rodriguez', 'Rod Wave']"
PERFuMITO NUEVO,Bad Bunny,DeBÍ TiRAR MáS FOToS,2025-01-05,90,1Q9Efnm5csdCMFynISxL2x,Global,['RaiNao']
Like Him,Tyler,CHROMAKOPIA,2024-10-28,90,6jbYpRPTEFl1HFKHk1IC0m,Global,"['The Creator', 'Lola Young']"
Pink Pony Club,Chappell Roan,The Rise and Fall of a Midwest Princess,2023-09-22,85,1k2pQc5i348DCHwbn5KTdc,Global,[]
No One Noticed,The Marías,Submarine,2024-05-31,86,3siwsiaEoU4Kuuc9WKMUy5,Global,[]
Liar,Jelly Roll,Beautifully Broken,2024-10-10,75,0llPOBVoJYDAtdmVlNE41A,Global,[]
Outfit,Lil Baby,WHAM (Extended Version),2025-01-10,70,6B2FtBtIds4rqeLPTW0D76,Global,['21 Savage']
Stuff,Lil Baby,WHAM (Extended Version),2025-01-10,77,6JvIjI8H3yxpigROd3Cv9N,Global,['Travis Scott']
WELTiTA,Bad Bunny,DeBÍ TiRAR MáS FOToS,2025-01-05,90,5WEF0icHWmAZBBMglBd599,Global,['Chuwi']
Redbone,Lil Baby,WHAM (Extended Version),2025-01-10,64,7nP8jrKvubPXbVHE52OPdo,Global,['GloRilla']
EoO,Bad Bunny,DeBÍ TiRAR MáS FOToS,2025-01-05,90,6J5kc12BW5HuP3d7C3vvx8,Global,[]
I Never Lie,Zach Top,Cold Beer & Country Music,2024-04-05,79,3t6gUcGYLrUuqwpXjOFWQc,Global,[]
I'm Gonna Love You,Cody Johnson,How Do You Sleep At Night?,2024-10-11,40,3C94TlV5KIavC4EjzK2AHf,Global,['Carrie Underwood']
F U 2x,Lil Baby,WHAM (Extended Version),2025-01-10,68,2ubNuGSCWRRxUfojPRebiA,Global,[]
4×4×U,Lainey Wilson,4×4×U,2024-07-04,59,0ZHdP6TzcInPSdQwQ1fkBZ,Global,[]
KETU TeCRÉ,Bad Bunny,DeBÍ TiRAR MáS FOToS,2025-01-05,88,4c2Pc0NrfkesPR0jff6q3F,Global,[]
PIToRRO DE COCO,Bad Bunny,PIToRRO DE COCO,2024-12-26,77,1OSOHTBFkIkhUtxhOyUksc,Global,[]
Indigo,Sam Barber,Restless Mind,2024-11-01,83,1KZG1H1OCugGqIRmk1wF9m,Global,['Avery Anna']
Loco,Neton Vega,Loco,2024-12-20,87,63EQbNhgaih4yg5412usWG,Global,[]
It's ok I'm ok,Tate McRae,It's ok I'm ok,2024-09-12,82,24XihnoVPWXlKJ4BgXqjVM,Global,[]
Good News,Shaboozey,Good News,2024-11-15,79,54p6vNJwGkt4FTaM8SCsxt,Global,[]
Listen Up,Lil Baby,WHAM (Extended Version),2025-01-10,66,4iGqt48gNNqspw8VN8EKgP,Global,[]
KLOuFRENS,Bad Bunny,DeBÍ TiRAR MáS FOToS,2025-01-05,89,4MUrUT38U98olfnyzMBCzm,Global,[]
Defying Gravity,Cynthia Erivo,Wicked: The Soundtrack,2024-11-22,84,5QMrH5nszZZR3nefIj6Mar,Global,['Ariana Grande']
Tu Boda,Oscar Maydon,Tu Boda,2024-09-26,90,1cOboCuWYI2osTOfolMRS6,Global,['Fuerza Regida']
BOKeTE,Bad Bunny,DeBÍ TiRAR MáS FOToS,2025-01-05,87,79x7xtoCLpf6l32Zz6mWo4,Global,[]
Scorsese Baby Daddy,SZA,SOS Deluxe: LANA,2024-12-20,83,2E7a96qey4AzSOdK6H21vS,Global,[]
I Promise,Lil Baby,WHAM (Extended Version),2025-01-10,64,0HBqoVCPtB8VkFOixWrBS3,Global,[]
Qué Pasaría...,Rauw Alejandro,Qué Pasaría...,2024-11-14,73,0OxKf18dUo2G5dFOQYCvBN,Global,['Bad Bunny']
Due 4A Win,Lil Baby,WHAM (Extended Version),2025-01-10,67,0icIjOb3QHklvGBaR7woTP,Global,[]
So Sorry,Lil Baby,WHAM (Extended Version),2025-01-10,64,5wwy9GjFxOFMV8IO6Xdf8h,Global,[]
Think I'm In Love With You,Chris Stapleton,Think I’m In Love With You,2023-09-08,66,65M92JpTbAdHmTQm4jGaDa,Global,[]
DENIAL IS A RIVER,Doechii,Alligator Bites Never Heal,2024-08-30,84,1eTaznNW4Xxtx9za2SMTXB,Global,[]
TURiSTA,Bad Bunny,DeBÍ TiRAR MáS FOToS,2025-01-05,88,7tCuCjhxzjX2XCz4JiiAsp,Global,[]
Guy For That,Post Malone,F-1 Trillion,2024-08-15,76,6StwwqB84sJeLr7tZDTxEX,Global,['Luke Combs']
Residuals,Chris Brown,11:11 (Deluxe),2024-04-11,69,4t4rGgiVX7woTmlnW9SHJ7,Global,[]
No Pole,Don Toliver,Love Sick (Deluxe),2023-02-28,87,0eaVIYo2zeOaGJeqZ5TwYz,Global,[]
I Ain't Sayin',Jordan Davis,I Ain't Sayin',2024-07-26,74,7lCs3stpWCtAn5Y2lmnPhV,Global,[]
Am I Okay?,Megan Moroney,Am I Okay?,2024-07-12,75,36wAwEkSDpNQ4oQeRLYC3L,Global,[]
CAFé CON RON,Bad Bunny,DeBÍ TiRAR MáS FOToS,2025-01-05,87,6VNXmo59yDYgcwLS17UNAW,Global,['Los Pleneros de la Cresta']
Help Me,Real Boston Richey,Help Me,2024-05-31,68,487JCvAXVblflZyDJn3fSp,Global,[]
Bad Dreams,Teddy Swims,Bad Dreams,2024-09-13,87,3nHuKdFJZm78CoeBnDcFKe,Global,[]
Stiff Gang,Lil Baby,WHAM (Extended Version),2025-01-10,62,3cRi3PKcFCPL3fQcEJMKT0,Global,[]
Dancing In The Flames,The Weeknd,Dancing In The Flames,2024-09-13,81,7z7kvUQGwlC6iOl7vMuAr9,Global,[]
Boys Back Home,Dylan Marlowe,Boys Back Home,2023-10-27,60,1hgINxfKQlJOikzd9skvC2,Global,['Dylan Scott']
Heart Of A Woman,Summer Walker,Heart Of A Woman,2024-10-25,73,2oVVaVY0LkzwAYYcyzon6Z,Global,[]
peekaboo,Kendrick Lamar,GNX,2024-11-22,82,2Uts1QFB4u2YNIMiqcb4de,Global,['AzChike']
Drive,SZA,SOS Deluxe: LANA,2024-12-20,79,2qYbtIf8dRkBkKIcZVGFDq,Global,[]
Popular,Ariana Grande,Wicked: The Soundtrack,2024-11-22,83,3i8fIJNV0yuC4kXT3SkVBZ,Global,[]
hey now,Kendrick Lamar,GNX,2024-11-22,83,5S8VwnB4sLi6W0lYTWYylu,Global,['Dody6']
LO QUE LE PASÓ A HAWAii,Bad Bunny,DeBÍ TiRAR MáS FOToS,2025-01-05,85,1Hg0e997pObvZ91w1FCPFk,Global,[]
LA MuDANZA,Bad Bunny,DeBÍ TiRAR MáS FOToS,2025-01-05,87,3G7agPwWfcORnWCAGMDOpm,Global,[]
Close To You,Gracie Abrams,The Secret of Us,2024-06-21,72,2bl81llf715VEEbAx03yvB,Global,[]
Diet Pepsi,Addison Rae,Diet Pepsi,2024-08-09,85,6MzofobZt2dm0Kf1hTThFz,Global,[]
Burning Down,Alex Warren,Burning Down,2024-09-20,69,7gxQXemQ5MBeK9PUrKRtfV,Global,[]
Free Promo,Lil Baby,WHAM (Extended Version),2025-01-10,62,47OlqHXSnjsURFZGLdvQwI,Global,[]
DOS DÍAS,Tito Double P,INCÓMODO,2024-08-22,87,5lKFO0PrOC9jmOlPEdjHsL,Global,['Peso Pluma']
That’s So True,Gracie Abrams,The Secret of Us (Deluxe),2024-10-16,69,4FF0Te5R85sLW8MNvehHKK,UK,[]
APT.,ROSÉ,APT.,2024-10-18,96,5vNRhkKd0yEAg8suGBpjeY,UK,['Bruno Mars']
Messy,Lola Young,Messy,2024-05-30,66,2YuUy4hBCVm4L5IRHu0iVl,UK,[]
Sailor Song,Gigi Perez,Sailor Song,2024-07-26,93,2262bWmqomIaJXwCRHr13j,UK,[]
The Days,Chrystal,The Days,2024-10-01,64,5hdk8xva1LqTDEgs3yLdRH,UK,[]
The Door,Teddy Swims,I've Tried Everything But Therapy (Part 1),2023-09-15,86,3dj4wgM3cPeuLwMNHDuBon,UK,[]
Bad Dreams,Teddy Swims,Bad Dreams,2024-09-13,87,3nHuKdFJZm78CoeBnDcFKe,UK,[]
Die With A Smile,Lady Gaga,Die With A Smile,2024-08-16,100,2plbrEY59IikOBgBGLjaoe,UK,['Bruno Mars']
Somedays,Sonny Fodera,Somedays,2024-07-26,79,3wo3d0I5H8KjkwGvnz8WbB,UK,"['Jazzy', 'D.O.D']"
Defying Gravity,Cynthia Erivo,Wicked: The Soundtrack,2024-11-22,84,5QMrH5nszZZR3nefIj6Mar,UK,['Ariana Grande']
Bed Chem,Sabrina Carpenter,Short n' Sweet,2024-08-23,87,1UHS8Rf6h5Ar3CDWRd3wjF,UK,[]
Timeless,The Weeknd,Timeless,2024-09-27,64,2Kbc5HFurzJ33w6y0PAuIM,UK,['Playboi Carti']
Nice To Meet You,Myles Smith,A Minute...,2024-11-08,79,726SEjbF3ToEbYbn43gnxl,UK,[]
BIRDS OF A FEATHER,Billie Eilish,HIT ME HARD AND SOFT,2024-05-17,97,6dOtVTDdiauQNBQEDOtlAB,UK,[]
Espresso,Sabrina Carpenter,Please Please Please,2024-06-06,62,1vLqigPHwiFnXsfrLMehV1,UK,[]
WILDFLOWER,Billie Eilish,HIT ME HARD AND SOFT,2024-05-17,92,3QaPy1KgI7nu9FJEQUgn6h,UK,[]
"Good Luck, Babe!",Chappell Roan,"Good Luck, Babe!",2024-04-05,92,0WbMK4wrZ1wFSty9F7FCgu,UK,[]
Taste,Sabrina Carpenter,Short n' Sweet,2024-08-23,90,5G2f63n7IPVPPjfNIGih7Q,UK,[]
People Watching,Sam Fender,People Watching,2024-11-15,72,3ZZyUf7WkhfN1JkQZZ00fI,UK,[]
Dirty Cash,PAWSA,Dirty Cash (Money Talks),2024-11-15,80,2VyvDGdcVY04cNYou9MFVX,UK,['The Adventures Of Stevie V']
Beautiful Things,Benson Boone,Beautiful Things,2024-01-18,85,6tNQ70jh4OwmPGpYy6R2o9,UK,[]
Thick Of It,KSI,Thick Of It (feat. Trippie Redd) [All Speeds Considered],2024-10-08,60,0L47Eu4MJH1J1vIerB7MMc,UK,['Trippie Redd']
Lose Control,Teddy Swims,Lose Control,2023-06-23,81,6usohdchdzW9oML7VC4Uhk,UK,[]
Too Sweet,Hozier,Unheard,2024-03-22,78,3HMY0r2BAdpasXMY8rseR0,UK,[]
A Bar Song,Shaboozey,A Bar Song (Tipsy),2024-04-12,65,1SviOIgEA8sEPVgYEdCpnh,UK,[]
Popular,Ariana Grande,Wicked: The Soundtrack,2024-11-22,83,3i8fIJNV0yuC4kXT3SkVBZ,UK,[]
What Is This Feeling?,Ariana Grande,Wicked: The Soundtrack,2024-11-22,83,7eGuPhpdS8sBjPJNuAShUX,UK,['Cynthia Erivo']
luther,Kendrick Lamar,GNX,2024-11-22,90,45J4avUb9Ni0bnETYaYFVJ,UK,['SZA']
Stargazing,Myles Smith,Stargazing,2024-05-10,86,3Vr3zh0r7ALn8VLqCiRR10,UK,[]
Stick Season,Noah Kahan,Stick Season,2022-10-14,86,0mflMxspEfB0VbI1kyLiAv,UK,[]
HOT TO GO!,Chappell Roan,The Rise and Fall of a Midwest Princess,2023-09-22,86,4xdBrk0nFZaP54vvZj0yx7,UK,[]
PUSH 2 START,Tyla,TYLA +,2024-10-11,86,1Cbl3Yq8rHo7hhDQmLQagU,UK,[]
Diet Pepsi,Addison Rae,Diet Pepsi,2024-08-09,85,6MzofobZt2dm0Kf1hTThFz,UK,[]
Like Him,Tyler,CHROMAKOPIA,2024-10-28,90,6jbYpRPTEFl1HFKHk1IC0m,UK,"['The Creator', 'Lola Young']"
"I Love You, I'm Sorry",Gracie Abrams,The Secret of Us,2024-06-21,89,51rfRCiUSvxXlCSCfIztBy,UK,[]
Close To You,Gracie Abrams,The Secret of Us,2024-06-21,72,2bl81llf715VEEbAx03yvB,UK,[]
tv off,Kendrick Lamar,GNX,2024-11-21,61,75bsrBtmM57lhi55yOfzBL,UK,['Lefty Gunplay']
Austin,Dasha,Austin (Boots Stop Workin'),2023-11-16,60,69wVo2cAAD7O9XSpSpTBAu,UK,[]
NIGHTS LIKE THIS,The Kid LAROI,THE FIRST TIME,2023-11-10,87,1XBYiRV30ykHw5f4wm6qEn,UK,[]
DtMF,Bad Bunny,DeBÍ TiRAR MáS FOToS,2025-01-05,96,3sK8wGT43QFpWrvNQsrQya,USA,[]
Die With A Smile,Lady Gaga,Die With A Smile,2024-08-16,100,2plbrEY59IikOBgBGLjaoe,USA,['Bruno Mars']
BAILE INoLVIDABLE,Bad Bunny,DeBÍ TiRAR MáS FOToS,2025-01-05,94,2lTm559tuIvatlT1u0JYG2,USA,[]
All,Zoe Ray,All,2025-01-17,10,6IHb9PMB9Xqw3igHksDQxt,USA,[]
luther,Kendrick Lamar,GNX,2024-11-21,87,2CGNAOSuO1MEFCbBRgUzjd,USA,['SZA']
Dig a Little Deeper,Daniel Quick,Dig a Little Deeper,2024-10-25,28,5G0lqOPOOjNlB4lamtdyKa,USA,[]
NUEVAYoL,Bad Bunny,DeBÍ TiRAR MáS FOToS,2025-01-05,93,5TFD2bmFKGhoCRbX61nXY5,USA,[]
Lost Time,CLYDE,Lost Time,2024-09-27,26,2R5MSYdHPD8sKc4BM0y4UZ,USA,[]
tv off,Kendrick Lamar,GNX,2024-11-22,91,0aB0v4027ukVziUGwVGYpG,USA,['Lefty Gunplay']
Walk Alone,Marcus Lindeberg,Walk Alone,2024-09-20,23,0jjmpCxUw8iZz23QKF9xTb,USA,[]
Sticky,Tyler,CHROMAKOPIA,2024-10-28,89,3tFed7YsjGnIfxeLEQwx3R,USA,"['The Creator', 'GloRilla', 'Sexyy Red', 'Lil Wayne']"
Revolution,23 TheMiracle,Revolution,2024-09-15,22,5AuHi02V7j43JuJ0eoiGG9,USA,[]
That’s So True,Gracie Abrams,The Secret of Us (Deluxe),2024-10-18,96,7ne4VBA60CxGM75vw0EYad,USA,[]
No Second Chances,Jordi Highdale,No Second Chances,2024-10-04,23,1E11W7GIkKru5E7KpjaR87,USA,[]
Who,Jimin,MUSE,2024-07-19,90,7tI8dRuH2Yc6RuoTjxo4dU,USA,[]
THROW DAT,Matt Fella,THROW DAT,2024-10-25,22,3jE617bXLdgBXaS6yGd02C,USA,"['The Honorable SoLo D', 'MiamiSportsMusic']"
APT.,ROSÉ,rosie,2024-12-06,90,4wJ5Qq0jBN4ajy7ouZIV1c,USA,['Bruno Mars']
So Tell Me,Yara,So Tell Me,2024-10-25,17,2pd2ag0raoLDXqmX0fOWna,USA,[]
BIRDS OF A FEATHER,Billie Eilish,HIT ME HARD AND SOFT,2024-05-17,97,6dOtVTDdiauQNBQEDOtlAB,USA,[]
Embrace The Pain,BA,Embrace The Pain (Chapter 1),2024-09-27,22,5JIjPc9rDfBX1DVooc2CNh,USA,['W3$t$id3 KY']
Sailor Song,Gigi Perez,Sailor Song,2024-07-26,93,2262bWmqomIaJXwCRHr13j,USA,[]
I've Always Been,Sean Kennedy,I've Always Been,2024-10-04,16,2kECkgfkOIAAoIMQaufJFd,USA,[]
Timeless,The Weeknd,Timeless,2024-09-27,92,1Es7AUAhQvapIcoh3qMKDL,USA,['Playboi Carti']
Toxic,KayOrAlpha,Toxic,2024-07-05,24,1xzP0d7hJgZOU7E7Yjm0b8,USA,[]
Like Him,Tyler,CHROMAKOPIA,2024-10-28,90,6jbYpRPTEFl1HFKHk1IC0m,USA,"['The Creator', 'Lola Young']"
Energy,Coral Cross,Energy,2024-11-01,19,63Vhg45ZnvISHrywGe068r,USA,[]
"Good Luck, Babe!",Chappell Roan,"Good Luck, Babe!",2024-04-05,92,0WbMK4wrZ1wFSty9F7FCgu,USA,[]
pieces,FABIAN,pieces,2024-05-31,18,4yFcOLEJhybtZCVT8KeyXC,USA,[]
Messy,Lola Young,This Wasn't Meant For You Anyway,2024-06-21,84,35ISBknsCeZQtq66xABI9g,USA,[]
My Sunrise,Silvi Di,My Sunrise,2024-10-11,16,7LgMrJ3rKBNJDxMT24WlcW,USA,[]
squabble up,Kendrick Lamar,GNX,2024-11-22,88,0nj9Bq5sHDiTxSHunhgkFb,USA,[]
Heaven,Ollie Harryson,Heaven,2024-06-07,19,1H1lJq9tx3pq00bpeZUT5N,USA,[]
Tweaker,GELO,Tweaker,2025-01-03,60,7HDq8aEtkBeZq7gfzYjW28,USA,[]
Better Than Her,SINNAH,Better Than Her,2024-03-08,28,4NykJNyAnlVH4Awb15eTpa,USA,[]
Loco,Neton Vega,Loco,2024-12-20,87,63EQbNhgaih4yg5412usWG,USA,[]
Casanova,Vain Villain Society,Casanova,2024-03-29,18,0y83UEjeQh27tFPJmNBKhK,USA,[]
BMF,SZA,SOS Deluxe: LANA,2024-12-20,89,3U3hFkMr0Q90pD24EkE3Pr,USA,[]
The Way We Move,KayOrAlpha,The Way We Move,2024-04-05,20,5gSOyNejS2lKKjMaYWQTMC,USA,[]
No One Noticed,The Marías,Submarine,2024-05-31,86,3siwsiaEoU4Kuuc9WKMUy5,USA,[]
SPACESHIP,Bobby Blaque,TO THE MOON,2022-07-15,1,2VgI2JnsoxdnEfibC0r8yS,USA,[]
See You Again,Tyler,Flower Boy,2017-07-21,89,7KA4W4McWYRpgf0fWsJZWB,USA,"['The Creator', 'Kali Uchis']"
Dirty South,KayOrAlpha,Dirty South,2024-03-01,16,5oLfKqwZCKLjiCaA54QFSp,USA,['JusJugga']
No Pole,Don Toliver,Love Sick (Deluxe),2023-02-28,87,0eaVIYo2zeOaGJeqZ5TwYz,USA,[]
For a While,Nour,For a While,2023-06-02,18,5pg9lf8fOtJgWTPOfrp6Xp,USA,[]
WILDFLOWER,Billie Eilish,HIT ME HARD AND SOFT,2024-05-17,92,3QaPy1KgI7nu9FJEQUgn6h,USA,[]
Stay Strong,Titus Drott,Writing In The Dark,2024-11-29,19,1mntZnBihxbiPb5pSX0eJg,USA,[]
Qué Pasaría...,Rauw Alejandro,Cosa Nuestra,2024-11-15,91,0l0vcZMU7AOeQmUIREoI2U,USA,['Bad Bunny']
I Miss Love,CLYDE,I Miss Love,2024-12-06,20,4cBZaf9OI7oaMYuzG9sYDl,USA,[]
I Had Some Help,Post Malone,F-1 Trillion,2024-08-15,84,5IZXB5IKAD2qlvTPJYDCFB,USA,['Morgan Wallen']
Your Love,Linda Englund,Your Love,2025-01-10,9,4LnjQsDrTCNbng93mBV9bf,USA,[]
APT.,ROSÉ,APT.,2024-10-18,96,5vNRhkKd0yEAg8suGBpjeY,Australia,['Bruno Mars']
Are You Even Real,Teddy Swims,Are You Even Real (feat. Givēon),2025-01-10,77,4ZO4HvFADvujrrEidSatEC,Australia,['Giveon']
Houdini,Dua Lipa,Houdini,2023-11-09,47,4OMJGnvZfDvsePyCwRGO7X,Australia,[]
No One Noticed,The Marías,Submarine,2024-05-31,86,3siwsiaEoU4Kuuc9WKMUy5,Australia,[]
Apple,Charli xcx,BRAT,2024-06-07,81,19RybK6XDbAVpcdxSbZL1o,Australia,[]
Indigo,Sam Barber,Restless Mind,2024-11-01,83,1KZG1H1OCugGqIRmk1wF9m,Australia,['Avery Anna']
Burning Down,Alex Warren,Burning Down (with Joe Jonas),2024-12-06,74,3diSxgK7bRIZzqu5IqFgd1,Australia,['Joe Jonas']
Somedays,Sonny Fodera,Somedays,2024-07-26,79,3wo3d0I5H8KjkwGvnz8WbB,Australia,"['Jazzy', 'D.O.D']"
True,CYRIL,True,2024-08-09,46,1amJavIEToI7pdHkPN6A1S,Australia,['Kita Alexander']
Beautiful Things,Benson Boone,Fireworks & Rollerblades,2024-04-05,86,3xkHsmpQCBMytMJNiDf3Ii,Australia,[]
Lose Control,Teddy Swims,Lose Control,2023-06-23,81,6usohdchdzW9oML7VC4Uhk,Australia,[]
Die With A Smile,Lady Gaga,Die With A Smile,2024-08-16,100,2plbrEY59IikOBgBGLjaoe,Australia,['Bruno Mars']
toxic till the end,ROSÉ,rosie,2024-12-06,88,1z5ebC9238uGoBgzYyvGpQ,Australia,[]
Girl Next Door,Oliver Cronin,Girl Next Door (with Charley),2024-08-29,37,4aRFUjAr2SurdXgDLLQ73u,Australia,['Charley']
Illusion,Dua Lipa,Illusion,2024-04-11,42,59xD5osEFsaNt5PXfIKUnX,Australia,[]
Guess featuring billie eilish,Charli xcx,Guess featuring billie eilish,2024-08-01,81,3WOhcATHxK2SLNeP5W3v1v,Australia,['Billie Eilish']
feelslikeimfallinginlove - Single Version,Coldplay,feelslikeimfallinginlove,2024-06-21,74,1YsU8rW2u8z4F0pwOBQ4Ea,Australia,[]
Pretty Slowly,Benson Boone,Pretty Slowly,2024-08-15,74,1QxxBUAx42J8pIFYJJR880,Australia,[]
360,Charli xcx,360,2024-05-10,57,7JxexWxny7yJ3slTLmWz2U,Australia,[]
Forever Young,David Guetta,Forever Young,2024-10-18,80,3bg2qahpZmsg5wV2EMPXIk,Australia,"['Alphaville', 'Ava Max']"
Kisses,BL3SS,Kisses (feat. bbyclose),2024-03-22,72,1bJRd2ey6ER7neSxZwYdAG,Australia,"['CamrinWatsin', 'bbyclose']"
KEHLANI,Jordan Adetunji,KEHLANI,2024-05-19,22,0izPpjfwsu2DuzWGqsABkT,Australia,[]
Talk talk featuring troye sivan,Charli xcx,Talk talk featuring troye sivan,2024-09-12,64,2LUD3874dlzeRa34Hi7ohW,Australia,['Troye Sivan']
I Don't Wanna Wait,David Guetta,I Don't Wanna Wait,2024-04-05,84,331l3xABO0HMr1Kkyh2LZq,Australia,['OneRepublic']
Stumblin' In,CYRIL,Stumblin' In,2023-11-10,83,0h3Xy4V4apMraB5NuM8U7Z,Australia,[]
i like the way you kiss me,Artemas,i like the way you kiss me,2024-03-19,83,2GxrNKugF82CnoRFbQfzPf,Australia,[]
ALL MY LOVE,Coldplay,ALL MY LOVE,2024-11-22,52,3PpIWOUaPwDxu0ysEaFfAr,Australia,[]
Burning Down,Alex Warren,Burning Down,2024-09-20,69,7gxQXemQ5MBeK9PUrKRtfV,Australia,[]
The Emptiness Machine,Linkin Park,The Emptiness Machine,2024-09-05,83,2PnlsTsOTLE5jnBnNe2K0A,Australia,[]
Austin,Dasha,What Happens Now?,2024-02-16,3,6b81dy3WjbozXK6b7C1gu5,Australia,[]
BLAME,James Johnston,BLAME,2024-09-12,51,6krhdjLqzCefSnaGgUidUq,Australia,[]
The Door,Teddy Swims,I've Tried Everything But Therapy (Part 1),2023-09-15,86,3dj4wgM3cPeuLwMNHDuBon,Australia,[]
Espresso,Sabrina Carpenter,Espresso,2024-04-12,88,2qSkIjg1o9h3YT9RAgYN75,Australia,[]
Hot Honey,Tiësto,Hot Honey,2024-07-25,60,7fZtgiJSNJ2QarKKKSssBp,Australia,['Alana Springsteen']
Carry You Home,Alex Warren,Carry You Home,2024-05-31,74,4uzKAj0mIyYmyhsRRyPXaQ,Australia,[]
Balance,Oliver Cronin,Halfway to Paradise,2024-10-03,35,21ZErdd3e2W8EunBqaQ9PY,Australia,[]
Fortnight,Taylor Swift,THE TORTURED POETS DEPARTMENT,2024-04-18,83,2OzhQlSqBEmt7hmkYxfT6m,Australia,['Post Malone']
28,Zach Bryan,The Great American Bar Scene,2024-07-04,77,5iJKGpnFfvbjZJeAtwXfCj,Australia,[]
Scared To Start,Michael Marcagi,Scared To Start,2024-01-12,82,3Pbp7cUCx4d3OAkZSCoNvn,Australia,[]
places to be,Fred again..,places to be,2024-05-31,68,561pBFcFL2Pwb9HPO9tU8J,Australia,"['Anderson .Paak', 'CHIKA']"
These Walls,Dua Lipa,Radical Optimism,2024-05-03,70,7b6sWLSnbZhSIeqNGrJ4py,Australia,[]
we can't be friends,Ariana Grande,eternal sunshine,2024-03-08,87,51ZQ1vr10ffzbwIjDCwqm4,Australia,[]
Music is Better,RÜFÜS DU SOL,Music is Better,2024-06-21,58,2OnSedqUAqhCLZhCR4gjMw,Australia,[]
MILLION DOLLAR BABY,Tommy Richman,MILLION DOLLAR BABY,2024-04-26,29,7fzHQizxTqy8wTXwlrgPQQ,Australia,[]
Slow It Down,Benson Boone,Fireworks & Rollerblades,2024-04-05,84,51eSHglvG1RJXtL3qI5trr,Australia,[]
Is It Ever Gonna Make Sense,Budjerah,Is It Ever Gonna Make Sense,2024-07-17,41,7FbLFGKk2OBewYOgCa3cbT,Australia,[]
I Had Some Help,Post Malone,I Had Some Help,2024-05-10,82,7221xIgOnuakPdLqT0F3nP,Australia,['Morgan Wallen']
Fall At Your Feet,CYRIL,Fall At Your Feet (with Dean Lewis),2024-07-12,66,0M0a2E5H8pUmqDHs0A4931,Australia,['Dean Lewis']
Strangers,Kenya Grace,Strangers,2023-09-01,76,5mjYQaktjmjcMKcUIcqz4s,Australia,[]
A Bar Song,Shaboozey,A Bar Song (Tipsy),2024-04-12,85,2FQrifJ1N335Ljm3TjTVVf,Australia,[]
Pink Skies,Zach Bryan,Pink Skies,2024-05-24,84,4ZJ4vzLQekI0WntDbanNC7,Australia,[]
After Hours,Kehlani,After Hours,2024-04-04,68,2x03XLsTZ0o86h0cfHrkKF,Australia,[]
I Can Do It With a Broken Heart,Taylor Swift,THE TORTURED POETS DEPARTMENT,2024-04-18,81,4q5YezDOIPcoLr8R81x9qy,Australia,[]
Too Sweet,Hozier,Unheard,2024-03-22,76,4IadxL6BUymXlh8RCJJu7T,Australia,[]
End of Beginning,Djo,DECIDE,2022-09-16,88,3qhlB30KknSejmIvZZLjOD,Australia,[]
Dance Alone,Sia,Dance Alone,2024-02-07,56,1XZy2eprbATl4AnL9Fpsw1,Australia,['Kylie Minogue']
Talk talk,Charli xcx,BRAT,2024-06-07,66,62fqMvguJbsSs9HKhhRfuS,Australia,[]
"Good Luck, Babe!",Chappell Roan,"Good Luck, Babe!",2024-04-05,92,0WbMK4wrZ1wFSty9F7FCgu,Australia,[]
Mamushi,Megan Thee Stallion,MEGAN,2024-06-28,77,5b3XJ1pjrHO5JtY2PcTjnI,Australia,['千葉雄喜']
Lovin On Me,Jack Harlow,Lovin On Me,2023-11-10,81,4xhsWYTOGcal8zt0J161CU,Australia,[]
I Remember Everything,Zach Bryan,Zach Bryan,2023-08-25,84,4KULAymBBJcPRpk1yO4dOG,Australia,['Kacey Musgraves']
Training Season,Dua Lipa,Training Season,2024-02-15,75,6Qb7YsAqH4wWFUMbGsCpap,Australia,[]
if u think i'm pretty,Artemas,pretty,2024-02-09,78,1ACA277B6f46DYCgZW8di3,Australia,[]
Stubborn,Illy,Stubborn,2024-07-18,23,6mV7p9MK2gbFsholZhjIIk,Australia,[]
obsessed,Olivia Rodrigo,GUTS (spilled),2024-03-22,75,6tNgRQ0K2NYZ0Rb9l9DzL8,Australia,[]
Before You Leave Me,Alex Warren,Before You Leave Me,2024-02-16,68,7qoxdajngC0j9VXrcnephA,Australia,[]
Hammer to the Heart,Teddy Swims,I've Tried Everything But Therapy (Part 1.5),2024-04-26,74,0IdwfnHFfyb7zc7GFs75QQ,Australia,[]
So Cold,Balu Brigada,So Cold,2024-06-07,65,297PYWIVLP38C1a92ND8Kv,Australia,[]
Please Please Please,Sabrina Carpenter,Please Please Please,2024-06-06,84,5N3hjp1WNayUPZrA8kJmJP,Australia,[]
Ain't No Love In Oklahoma,Luke Combs,Ain't No Love In Oklahoma (From Twisters: The Album),2024-05-16,81,6GG4yyk3UATdBfTHVgI8PB,Australia,[]
Cry,Benson Boone,Fireworks & Rollerblades,2024-04-05,74,3h76tbaYIamSeJL81X7ZwI,Australia,[]
Spite,Omar Apollo,Spite,2024-04-05,47,0XHFylA18yuwGVCfJfq4dw,Australia,[]
Burning House,Oliver Cronin,Burning House,2024-04-18,40,7HGFfxOpk3lZbOQywYfMTJ,Australia,[]
if u think i'm pretty,Artemas,if u think i'm pretty,2023-10-24,68,34Yl756FwYuZldE9xnshj5,Australia,[]
Zodiac,Kita Alexander,Young In Love,2024-03-22,32,5IsJtIM3On4BNkSujt4A2c,Australia,[]
Stick Season,Noah Kahan,Stick Season,2022-10-14,86,0mflMxspEfB0VbI1kyLiAv,Australia,[]
Nice to meet you,PinkPantheress,Heaven knows,2023-11-10,58,1jLVSavLHTeEixX6CIxqQR,Australia,['Central Cee']
Calling After Me,Wallows,Calling After Me,2024-03-21,59,2WGcpz55A2vrvh6foEGCNL,Australia,[]
"Girl, so confusing featuring lorde",Charli xcx,"Girl, so confusing featuring lorde",2024-06-21,66,2YFhqZvhTpyK13gKXMKV7R,Australia,['Lorde']
Tear It All Apart,Michael Marcagi,Tear It All Apart,2024-06-21,58,2paY84rEBVDm46rdPaQY88,Australia,[]
BROTHER STONE,Don Toliver,HARDSTONE PSYCHO,2024-06-14,71,093MlZS93ZKlHpGkmb3k3W,Australia,['Kodak Black']
Contigo,Marta Santos,Contigo,2024-11-22,64,5Txf0ApheFvyRr1s4DxMb5,Spain,[]
¿Y si lo hacemos?,Dani Fernández,La Jauría,2024-10-25,60,1VamVCJejLZh212lNhygVw,Spain,['Valeria Castro']
"Hola, qué tal?",Beret,"Hola, qué tal?",2024-10-04,68,5Z8nG5FVaBbASxtlVBu44v,Spain,[]
Me has invitado a bailar,Dani Fernández,Me has invitado a bailar,2024-08-23,67,0JJw1ghkoEu3Yat1uOSjAE,Spain,[]
APT.,ROSÉ,APT.,2024-10-18,96,5vNRhkKd0yEAg8suGBpjeY,Spain,['Bruno Mars']
haz lo que quieras conmigo,Walls,haz lo que quieras conmigo,2024-09-20,61,635oxQ6Vn3ynUUg6EfQKw9,Spain,[]
La Vida Entera,Marta Santos,La Vida Entera,2024-04-12,61,1zgb3QCX8jo4IGRg56tjvj,Spain,[]
Are You Even Real,Teddy Swims,Are You Even Real (feat. Givēon),2025-01-10,77,4ZO4HvFADvujrrEidSatEC,Spain,['Giveon']
Nuestra Canción,Álvaro De Luna,Nuestra Canción,2024-07-26,59,2MJlcHWfkA651gpiCRJ2TE,Spain,[]
Cupido,Beret,Cupido,2024-06-20,58,6h3U07z62eGIuyOprHwzgZ,Spain,[]
Bad Dreams,Teddy Swims,Bad Dreams,2024-09-13,87,3nHuKdFJZm78CoeBnDcFKe,Spain,[]
"Tanto, tanto, tanto",Paul Alone,"Tanto, tanto, tanto",2024-12-13,49,0Uau9rHJZJeKd5w8M9F35v,Spain,[]
TAN FRÍO,Recycled J,TAN FRÍO,2024-09-18,46,66QkHNV2z5d6C0wmN8axe0,Spain,[]
Todo cambia,Dani Fernández,Todo cambia,2024-01-18,56,0uOxKY91hTmnJOxGPGpJtd,Spain,[]
The Door,Teddy Swims,I've Tried Everything But Therapy (Part 1),2023-09-15,86,3dj4wgM3cPeuLwMNHDuBon,Spain,[]
SE TE NOTA,Myke Towers,LA PANTERA NEGRA,2024-08-22,64,1iIrqtbY2aogEHhQkmrV7w,Spain,['Peso Pluma']
ENSÉÑAME,Nil Moliner,ENSÉÑAME (feat. Rozalén),2024-08-30,44,0sfPsrIe2DKbOVnOUBP0eD,Spain,['Rozalén']
A 200,Rasel,A 200,2024-05-03,50,5SZSKqau8KDBSMraCFrSlb,Spain,"['Henry Mendez', 'Big Lois']"
Bonito,Demarco Flamenco,Bonito,2024-07-05,61,0VvKhRZQRdNnolSSkHVgPh,Spain,[]
Lose Control,Teddy Swims,Lose Control,2023-06-23,81,6usohdchdzW9oML7VC4Uhk,Spain,[]
Llorando en el Lambo,Lérica,Llorando en el Lambo,2024-02-23,56,7ms9TmXD1qVWhuGCQFTT16,Spain,"['Mar Lucas', 'Daviles de Novelda']"
IBIZA,Soge Culebra,IBIZA,2024-06-07,49,5AU2gpAgq83vIELugCWx9G,Spain,"['Lucho RK', 'Mr. Naisgai']"
Beautiful Things,Benson Boone,Beautiful Things,2024-01-18,85,6tNQ70jh4OwmPGpYy6R2o9,Spain,[]
ADIVINO,Myke Towers,ADIVINO,2024-04-25,74,0LZy30mVmxqUpdQmaXKXBd,Spain,['Bad Bunny']
1 FANTASÍA,Soge Culebra,1 FANTASÍA,2024-05-10,35,0MtK2ICtOXzYJaRfiDwcee,Spain,['The Rudeboyz']
Lucas y Marta,Marlon,Lucas y Marta,2024-06-07,38,0GnBtvSUflXvdTTtTYRFA3,Spain,[]
feelslikeimfallinginlove - Single Version,Coldplay,feelslikeimfallinginlove,2024-06-21,74,1YsU8rW2u8z4F0pwOBQ4Ea,Spain,[]
La última granada,Beret,La última granada,2024-03-15,56,4wCFO12O6g2yY2xiC3EBA8,Spain,[]
Olvidé Olvidarte,Marlon,Olvidé Olvidarte,2023-06-08,48,6nys7RehgP4R0KzSVGm3CI,Spain,['Álvaro De Luna']
Hoy Festejo,Álvaro De Luna,Hoy Festejo,2023-09-26,42,5VzeBUPnyf9rWSPkEFeL6X,Spain,['TIMØ']
NO PIENSO LLAMAR,Soge Culebra,NO PIENSO LLAMAR,2023-10-06,53,3xE3TyeIxL24IstPdy5IBv,Spain,"['Quevedo', 'GARABATTO']"
VUELA ALTO,Nil Moliner,VUELA ALTO,2023-09-08,0,6Up49hQmFHWPMpxN8FIu9o,Spain,[]
Todo Contigo,Álvaro De Luna,Todo Contigo,2023-03-17,56,4rQu72zFJz3qne1bnEkVSt,Spain,[]
AMALFI,Enol,AMALFI,2024-07-04,36,5dZWpk7YHEY9EqhXJRLlsf,Spain,[]
Acantilado,Veintiuno,Acantilado,2024-09-13,43,3fGXwYc0Pq4xXTYfkUJMoc,Spain,['Enol']
SANTORINI REMIX,Enol,SANTORINI REMIX,2023-04-21,50,4Q5bNe8cEp5KhDsQOIV2QB,Spain,"['Marmi', 'Beret']"
Libertad,Nil Moliner,Un Secreto Al Que Gritar,2021-10-22,56,1kG7gfH4HDUlDht0VZYkiP,Spain,[]
Amapolas,Leo Rizzi,Amapolas,2021-07-09,68,0z5yLgBmAtaylDYrgwzlpH,Spain,[]
Juramento eterno de sal,Álvaro De Luna,Juramento eterno de sal,2020-11-05,54,23E53f3C9SJ9MqBh1f6hEw,Spain,[]
Tiroteo - Remix,Marc Seguí,Tiroteo (Remix),2021-04-01,78,4OwhwvKESFtuu06dTgct7i,Spain,"['Rauw Alejandro', 'Pol Granch']"
